year,month,avg_order_value
2024,3,765.5244999999999
2024,4,637.6632911392404
2024,5,667.915
2024,6,788.3653333333333
2024,7,643.7762222222223
2024,8,878.5568888888887
2024,9,770.2565555555556
2024,10,757.9312328767123
2024,11,738.7298666666667
2024,12,808.5870103092784
2025,1,676.5261797752809
2025,2,728.7468656716418
2025,3,726.0074418604651
